SPP 2451/1 Antragsliste;;;;;;
Team: II-ING-003, Referent/in: Dr.-Ing. Christiane Richter, Sachbearbeiter/in: Christoph Dahlmeier ;;;;;;
Lfd. Nr.;GZ Antrag;Name;Antragstitel;Ort;Kooperationspartner;Zusammenfassung
1;AD 178/13-1;Adrian, Lorenz;Lebende Elektro-Biokatalysatoren für Sensorik und Reinigung;Leipzig;Budisa, Nediljko (U Manitoba, Winnipeg);"In diesem Projekt bündeln wir das Fachwissen der Gruppen Altintas (Materialwissenschaften, Biosensoren und 3D-Druck), Adrian (Metalloproteomik, Redoxenzyme, Organohalidatmung und Bioremediation) und Budisa (Synthetische Biologie und Xenobiologie). Unser Ziel ist die Entwicklung einer Plattformtechnologie für die Herstellung von ""Engineered Living Materials with Adaptive Functions"" (ELM) im Bereich der Sensortechnologie und Biokatalyse. Das Hauptziel im Bereich der Materialien ist die Etablierung eines innovativen Laserstrukturierungsverfahrens zur Herstellung von porösen leitfähigen Hydrogelen (PCH), das sowohl schnell als auch biokompatibel ist. Mit diesem Verfahren sollen durch lasergeschriebene Phasentrennung (LSPS) biologisch abbaubare, umweltstabile PCH hergestellt werden, die auch als Elektrodenmaterialien für die Anlagerung von Bakterien dienen und die Effizienz des Elektronentransfers verbessern. Die LSPS wird die Massenproduktion von PCH-basierten Elektrodenmaterialien erleichtern, indem sie mehrere Herstellungsprozesse in eine einzige Elektrodenvorbereitungsphase integriert. Das Hauptziel im Bereich der Biologie ist die Entwicklung von Zellen, die redoxaktive Metalloproteine auf der Zelloberfläche exprimieren und die Verbindung dieser redoxaktiven Metalloproteine über einen leitfähigen Linker mit der Materialoberfläche durch Click-Chemie. Dazu werden wir zuvor generierte E. coli-Zellen verwenden, die in der Lage sind, die nicht-kanonische Aminosäure L Azidohomoalanin zu synthetisieren und diese Aminosäure an der Position eines refunktionierten Stop-Codons einzubauen. Auf diese Weise können wir die Position definieren, an der ein Protein mit einer Oberfläche verbunden ist. In einem gemeinsamen Ansatz werden wir die entwickelten leitfähigen PCH, die Alkinreste für die Click-Chemie enthalten, mit den mikrobiellen Zellen zusammenbringen, die das reaktiven L-Azidohomoalanin an definierten Positionen auf der Oberfläche enthalten. Unser Ziel ist es, eine enge, elektronenleitende Bindung zu erreichen. Auf diese Weise wollen wir ein druckbares 3D-Material mit leitfähigen Adaptern für elektroaktive mikrobielle Zellen entwickeln. Die Zellen werden über das leitfähige Material durch den Elektronenfluss gesteuert und können mit Wachstum und Expression spezifischer Enzyme reagieren. Die Substratkonzentration und der Substratumsatz können gemessen werden. Der Anwendungsbereich ist breit gefächert, wir konzentrieren uns jedoch auf Anwendungen im Bereich der Umweltbiotechnologie. "
1;AL 2190/8-1;Altintas, Zeynep;;Kiel;;
3;BL 1408/5-1;Blombach, Bastian;Konstruktion adaptiver Vibrio natriegens-Stämme für hybride Leuchtdioden (ENABLED);München;;Heutige biologische und einstellbare Leuchtmittel, die lebende Bausteine integrieren, sind im Wesentlichen auf Zellen beschränkt, die Biochemilumineszenz mit begrenzter Stabilität und Lichtausbeute nutzen (d. h. einige Tage bei Lichtausbeuten <5 lm/W). Tatsächlich gibt es keine Beispiele für lebende Leuchtmittel, die Photonenumwandlungssysteme zur Manipulation von Licht nutzen. Wir haben kürzlich eine neue Methode zur Herstellung lebender Farbfiltern mit Vibrio natriegens entwickelt. Dieses Bakterium weist (I) ein vielversprechendes Potenzial für die Biotechnologie mit einer außerordentlich hohen Wachstums- und Substratverbrauchsrate, (II) einen bereits sehr guten Ertrag bei der Expression hochwertiger fluoreszierender Proteine (FP) und (III) eine vielversprechende Kompatibilität mit Matrizen, die für Leuchtmittel von großem Interesse sind, auf. Tatsächlich haben vorläufige Experimente Leuchtmittel erzeugt die eine bessere Leistung aufweisen als diejenigen die mit denselben FP in Referenzmatrizen hergestellt wurden. Die aktuellen Hindernisse hängen mit dem Mangel an grundlegendem Wissen zusammen, um (I) die Expression beliebiger FP erfolgreich zu optimieren, (II) die Widerstandsfähigkeit und Kompatibilität in den Matrizen zu verbessern, (III) eine Anpassungsfähigkeit an externe Reize einzuführen und (IV) die besten Leuchtmittelarchitekturen und Betriebsarten zur Maximierung der Leuchtmittelleistung zu erstellen. Das ENABLED-Projekt wird all diese offenen Fragen bearbeiten und dabei die Disziplinen Metabolic Engineering, Synthetische Biologie, Materialwissenschaft und Biooptoelektronik miteinander verbinden. ENABLED wird insbesondere grundlegende Konstruktionsregeln für die Entwicklung von V. natriegens-Stämmen mit (I) optimierter flexibler Einzel- und Doppelemission, (II) verbesserter Widerstandsfähigkeit in Farbfiltern, um ihre Wiederverwertbarkeit nach der Verwendung in Leuchtmitteln zu ermöglichen, und (III) einer Anpassungsfähigkeit an die Temperatur in Farbfiltern, um die Zellregeneration nach der Verwendung in den Leuchtmitteln zu ermöglichen. Dies wird es uns ermöglichen, eine neue Familie von Regenbogen- und weißen Bakterien-Hybrid-Leuchtdioden einzuführen, die bislang nicht zur Verfügung stehen.
3;CO 1532/5-1;Costa, Rubén;;München;;
4;BL 1804/6-1;Blaeser, Andreas;Adaptive Biomaterialien durch mechano-modulierende Bakterien;Darmstadt;;Die Integration lebender Zellen in Biomaterialien ermöglicht es, die hochentwickelte verkörperte Intelligenz von Zellen für die Entwicklung neuartiger adaptiver Biomaterialien nutzbar zu machen. Die exquisiten sensorischen Fähigkeiten der Zelle und ihre vielseitigen Produktionskapazitäten bieten beispiellose Möglichkeiten, Materialien mit adaptiver Funktionalität auszustatten. Der Einsatz moderner Werkzeuge der synthetischen Biologie ermöglicht es, bestehende Sensorwege neu zu verdrahten oder völlig neue molekulare Funktionen auf effiziente und zunehmend rationale Weise zu entwickeln.  In diesem Projekt wollen wir die synthetische Biologie nutzen, um Mikroorganismen, die mit dem Matrixmaterial in einer bidirektionalen Weise interagieren, genetisch neue Sinnesprozess-Reaktionsfähigkeiten zu verleihen. Genauer gesagt werden wir E. coli so verändern, dass sie auf mechanischen Stress, der auf die Zellwand einwirkt, durch die Expression und Sekretion von Matrix-modulierenden Faktoren reagieren. Insbesondere werden wir genetische Schaltkreise für die stressinduzierte Genexpression von matrixverstärkenden und -abbauenden Substanzen entwerfen. Unter vielen möglichen Varianten wird dies Materialien ermöglichen, die sich automatisch entlang der Hauptbelastungslinien verstärken und in Bereichen mit geringer Belastung weicher werden können. Wir werden die Kompatibilität verschiedener Matrixbasismaterialien und deren Zusammensetzung für die Lebensfähigkeit von E. coli und für die Kraftübertragung auf die Bakterien untersuchen. Für die biochemische Stresstransduktion werden wir das RcsCDB-Zweikomponentensystem nutzen, aber wir werden auch agnostisch nach Promotoren suchen, die auf mechanischen Stress reagieren. Wir werden die Matrix-modulierende Wirkung der resultierenden gentechnisch veränderten Bakterien in quantitativer Hinsicht genau charakterisieren. Mit Hilfe unserer 3D-Bioprinting-Fähigkeiten werden wir diese Bakterien in räumlich aufgelöster Weise ablagern, um neuartige 3D-Origami-Strukturen zu realisieren. Schließlich werden wir unser neues, künstlich hergestelltes lebendes Material (ELM) einsetzen, um ein neues Herstellungsparadigma zu erproben. Bei diesem biomorphen Ansatz werden die Materialien wiederholt mit den gewünschten Belastungsprofilen trainiert und bauen automatisch eine neue, für die angewandte Belastung optimale Tragstruktur auf. Das Projekt wird unser grundlegendes Verständnis von ELMs verbessern und dadurch neue Erkenntnisse über die Mechanosensorik in Bakterien liefern, ihr Potenzial für die Neugestaltung in der synthetischen Biologie erhellen und neue Design- und Herstellungstechnologien für adaptive Biomaterialien hervorbringen.
4;KO 4854/11-1;Koeppl, Heinz;;Darmstadt;;
5;BR 5184/1-1;Bruns, Nico;Selbstsynthetisierende, selbstorganisierende und auf stimuliresponsive multizelluläre Engineered Living Materials auf der Grundlage enzymatischer Polymerisationen auf Zelloberflächen (PolyCell-ELMs);Darmstadt;Belluati, Andrea (Darmstadt TU, Darmstadt);"Strukturierte, multizelluläre Engineered Living Materials (ELMs) sind nicht nur für die Schaffung responsiver und anpassungsfähiger ELMs, sondern auch für die Schaffung multizellulärer Gebilde wie Gewebe von wesentlicher Bedeutung. In solchen ELMs können Polymere als synthetische, maßgeschneiderte extrazelluläre Matrix fungieren, die das zellhaltige Material mechanisch stützt und die Zelladhäsion und verschiedene andere Funktionen initiiert und/oder aufrechterhält. Dabei bieten die Polymere zwischen den Zellen die Möglichkeit, diese ELMs auf Stimuli reagieren zu lassen. 
Um multizelluläre, responsive, strukturierte und rekonfigurierbare Gebilde zu erreichen, schlagen wir vor, ELMs auf der Grundlage von Zellen zu entwickeln, die synthetische, stimuliresponsive Polymere auf ihrer Oberfläche selbst synthetisieren können. Die Polymere werden von der Zelloberfläche synthetisiert werden und wirken als selektives und reversibles Gerüst, um die Zell-Material-Zell-Adhäsion zu vermitteln.  Sie fungierenm somit als stimuli-responsives synthetisches Analogon einer extrazellulären Matrix. Damit ermöglich unser Ansatz die Synthese und Abscheidung eines sehr dünnen synthetischen extrazellulären Matrixanalogs auf Einzelzellebene und führt damit eine neue Methode zur Kontrolle der zellulären Selbstorganisation bei der 3D-Gewebebildung ein. Darüber hinaus überwindet unser Ansatz auch die derzeitigen Einschränkungen, die sich während der kontrollierten Anordnung verschiedener menschlicher Zelltypen in unmittelbarer Nähe zueinander ergeben, die sich andernfalls in 3D-Kulturen spontan entmischen würden.
Im Gegensatz zu natürlichen extrazellulären Matrizen können die Polymereigenschaften, wie z. B. die Polarität und die Zelladhäsion, durch Temperatur und Licht verändert werden. Beim Wechsel von einem hydrophoben zu einem hydrophileren Polymer werden die Wechselwirkungen zwischen den polymerumhüllten Zellen schwach, so dass sich die Zellen zu jeder neuen multizellulären Form neu anordnen können. Darüber hinaus können die Zellen im Zustand schwacher Polymer-Polymer-Wechselwirkungen in ein Wachstumsmedium resuspendiert werden, was ein weiteres Wachstum der Biomasse unter optimalen Sauerstoff- und Nährstoffbedingungen ermöglicht, ohne durch den Massentransfer in einem ELM eingeschränkt zu werden. Nach dem Zellwachstum folgt ein weiterer Polymerisationsschritt, um die neu gebildeten Zellen in die stimuliresponsiven Polymere einzukapseln. Schließlich wird ein weiterer Aggregations- und Formgebungsschritt die Herstellung eines lebenden Materials mit einer neuen Form und einer höheren Masse als das Ausgangsmaterial ermöglichen. Somit wird das vorgeschlagene Projekt die Tür zu rekonfigurierbaren, selbstsynthetisierenden Zell-Polymer-Hybriden öffnen und damit neue Konzepte für die Gestaltung, das Wachstum und die Herstellung von adaptiven ELMs und Gewebe-Mimetika mit verbessertem zellulärem Überleben und multizellulärer räumlicher Anordnung einführen."
5;NU 119/6-1;Nuber, Ulrike;;Darmstadt;;
6;CA 740/10-1;Cavalcanti-Adam, Elisabetta Ada;Adaptive kapselbasierte Materialien zur Programmierung lebender technischer Systeme;Bayreuth;;Lebende technische Materialien (ELM) bieten aufgrund ihrer inhärenten Anpassungsfähigkeit und Multifunktionalität ein unvergleichliches Potenzial für die Entwicklung fortschrittlicher, nachhaltiger Materialien, insbesondere für biohybride lebende Antriebssysteme. Ein Nachteil solcher Systeme ist jedoch aktuell, dass sie nicht in der Lage dazu sind, ihre Form anzupassen und sich im Laufe der Zeit auszudehnen. Außerdem fehlen langfristig funktionale Zellsystemen. Wir planen in diesem Projekt räumlich und zeitlich anpassungsfähige Materialien zu erforschen, indem wir ein Biomaterial entwickeln, das aus Proteinmikrokapseln besteht und die biochemischen Eigenschaften der extrazellulären Matrix nachahmt. Wir werden eine detaillierte Charakterisierung dieser Kapseln durchführen, einschließlich ihrer Biokompatibilität, mechanischer Tests und der Charakterisierung der Oberflächenstruktur. Die Dichte des entstehenden Kapselmaterials wird durch die Zwei-Photonen-Polymerisation gesteuert. Durch ihrer Adhäsions- und Mechanotransduktionsmechanismen können die Zellen diese adaptive Matrix autonom modifizieren und erweitern. Durch die Verwendung von Kapseln mit eingebetteten Wachstumsfaktoren, wie z. B. BMPs, wollen wir die myogene und osteogene Differenzierung mit räumlicher Präzision steuern und so langfristig funktionale Materialsysteme, z. B. als biohybride Roboter, etablieren.
6;JA 905/10-1;Jacobs, Karin;;Saarbrücken;;
6;SE 1801/8-1;Selhuber-Unkel, Christine;;Heidelberg;;
7;CA 880/20-1;Campo Bécares, Aránzazu;Lebende therapeutische Materialien mit langfristiger, sonoresponsiver und mechanoadaptiver Funktion;Saarbrücken;;"Dieser Antrag befasst sich mit der Entwicklung künstlicher lebender therapeutischer Materialien (ELTMs), die aus einer Hydrogelmatrix bestehen, in die mikrobielle Biofabriken eingebaut sind, die therapeutische Wirkstoffe produzieren und freisetzen. Ein besonderer Schwerpunkt ist es, diese ELTMs kraftempfindlich zu machen, was es ermöglicht, diese Systeme durch Ultraschall als externen Auslöser mit klinischer Relevanz zu steuern und adaptive Architekturen zu erreichen, bei denen die Wirtsmatrix und die bakteriellen Gäste autonom interagieren, um ihre Funktion zu steuern. 
Im ersten Teil des Antrags ist es unser Ziel, verschiedene synthetische Systeme zu konstruieren und zu charakterisieren, einschließlich Hydrogelen, Mikrogelen, Mikrotröpfchen und Kombinationen davon mit eingebauten mechano- und sonoresponsiven Einheiten, die aus wohldefinierten kovalenten bzw. nicht-kovalenten Wechselwirkungen aufgebaut sind. Die Spaltung der Disulfid- und Thrombin/Hirudin-Mechanophore innerhalb des Polymernetzwerks führt zu einer Lockerung der Hydrogel-Matrizen bei Anwendung von mechanischer Kraft und Ultraschall und dürfte die eingekapselten Biofabriken einer neuen mechanischen Mikroumgebung aussetzen, wodurch ihr Wachstum und die anschließende Freisetzung von Metaboliten oder Therapeutika beeinflusst werden. Dieser Ansatz ermöglicht die Manipulation der lebenden Komponenten durch kontrolliertes Engineering der nicht lebenden Hydrogel-Matrix.
Im zweiten Teil des Antrags sehen wir die Entwicklung von Kaskadensystemen vor, bei denen die Ultraschallexposition und die daraus resultierenden Kräfte die Freisetzung von kleinen Molekülen auslösen. Das freigesetzte Molekül steuert dann die bakterielle Funktion mit Hilfe von in den Bakterien kodierten Riboschaltern. Außerdem wollen wir die Funktionalität von synthetischen Materialien mit lebender Materie verbessern. Um dies zu erreichen, werden Matrizen mit einem Schermodul von 10-20 kPa als Wirt für Bakterien verwendet. Der von den wachsenden Bakterienkolonien auf das Polymernetzwerk ausgeübte Stress (in der Regel ~ 10 kPa) soll die Freisetzung inkorporierter Signalmoleküle bewirken, die wiederum das Verhalten der Bakterien in Bezug auf ihre Zellpopulation sowie die Produktion und Freisetzung von Bioaktivstoffen steuern. Dieser Antrag zielt also darauf ab, grundlegende Konzepte der Mechanobiologie und -chemie zu nutzen, um extern und intern schaltbare Systeme zu generieren, die schließlich die Entwicklung adaptiver ELTMs ermöglichen."
7;HE 3585/17-1;Herrmann, Andreas;;Aachen;;
8;CA 880/22-1;Campo Bécares, Aránzazu;Koordinationsantrag SPP2451: Lebende Materialien mit Adaptiven Funktionen;Saarbrücken;;"Dieser Text wurde aus der englischen Fassung mit ChatGPT übersetzt.

Im SPP 2451 werden Material- und Biotechnikingenieure zusammenarbeiten, um das Potenzial der synergistischen Integration von nicht-lebenden und lebenden Komponenten in neuen Materialien zu erschließen. Durch interdisziplinäre Zusammenarbeit wird diese multidisziplinäre Gemeinschaft dazu beitragen (i) das grundlegende Verständnis bezüglich der  Anforderungen für eine funktionale Verbindung von nicht-lebenden Materialien mit lebenden Komponenten zu erlangen und (ii) das Potenzial adaptiver lebender Materialien zur Vereinigung von Technologie- und Nachhaltigkeitsanforderungen in zukünftigen materialbasierten Technologien in Laborprototypen zu demonstrieren.

Das Koordinationsprojekt des SPP wird zur Vernetzung, Zusammenarbeit und Sichtbarkeit des SPP-Themas und der Wissenschaftsgemeinschaft beitragen, indem es SPP-Treffen und Konferenzen organisiert. Es wird auch zur Organisation spezialisierter Schulungen und zur beruflichen Entwicklung von 30 Nachwuchswissenschaftlern auf Promotions- und Postdoc-Ebene beitragen und ihr Netzwerk in der Wissenschafts Community stärken.

Das Koordinationsprojekt wird sich auch mit drei ELM-spezifischen Themen von zentraler Bedeutung für die SPP-Gemeinschaft befassen: (i) die Ausarbeitung von Dokumentations-, Berichts- und Datenmanagementstandards, die die Bereitstellung von FAIR-Daten für die Entwicklung von ELMs im SPP erleichtern können; (ii) die Förderung der Diskussion über Umweltsicherheitsaspekte von ELMs; (iii) die Verbreitung von Informationen über ELMs, um Akzeptanz für sichere, auf ELMs basierende Technologien in der Industrie und der Gesellschaft zu gewinnen.

Das SPP bietet eine Gelegenheit, diese Fragen bereits in dem sehr frühen Entwicklungsstadium der lebenden Materialien anzugehen. Diese vorteilhafte Position wird dem SPP erhebliche Sichtbarkeit verschaffen und seine Auswirkungen weltweit verstärken."
12;GA 2169/11-1;Gallei, Markus;Smarte Stimuli-responsive opaleszente Bakterienfilme (OPAL-Bac);Saarbrücken;;Stimulus-responsive kolloidale Systeme und elastomere Opalfilme auf Basis reizbarer polymerer Kern-Schale-Architekturen haben im letzten Jahrzehnt bei ForscherInnen ein großes Interesse als optische Sensoren oder schaltbare Membranen geweckt. Das Zusammenspiel der optischen Eigenschaften solcher Materialien mit externen Reizen stand dabei im Mittelpunkt der Aktivitäten. Mögliche Stimuli sind z.B. die Temperatur, die Ionenstärke, Licht, das Anlegen eines elektrischen Feldes oder einer mechanischen Belastung. Die Interaktion solcher interessanten Architekturen wurde bisher nicht in Bezug auf lebende Materie oder Organismen und ihre Veränderungen in der Umgebung untersucht, um diese optischen Eigenschaften (gezielt) zu beeinflussen. Dies würde es ermöglichen, ein direktes optisches und hochempfindliches Antwortsignal für Bakterien zu erzeugen, z.B. in Form von probiotischen Wundfolien, die die Brauchbarkeit der Folie mit den Zellen anzeigen (bspw. durch Erreichen des gewünschten pH-Wertes oder ein Farbänderung aufgrund schlechter Qualität während der Anwendung). Ein Ansatz, der hier im Zuge des Projektes verfolgt werden soll, basiert auf Laktobazillen- oder Glukoseoxidase-induzierte H2O2-Detektion mit redox-responsiven Anteilen von Stimuli-responsiven Polymeren.  Im Rahmen dieses Projekts werden wir gemeinsam an der Herstellung von Funktionspolymeren und adaptiven Materialien mit der Formulierung verschiedener Bakterien arbeiten und diese kombinieren, um eine neue Generation von Sensorsystemen auf der Grundlage lebender Materialien zu entwickeln. Stimuli-responsive weiche Partikelarchitekturen mit einer biokompatiblen Hülle werden für die Immobilisierung und Gerüstbildung von Bakterien entwickelt. Die partikelbasierten Materialien können durch Mikroextrusion verarbeitet werden, gefolgt von einer Opalfilmherstellung durch die Anwendung des Schmelz-Scher-Verfahren, einer Heißkantenverarbeitung oder durch den sogenannten Bending-Induced-Oscillatory Shearing-Prozess (BIOS). Auf diese Weise wird ein kolloidales Kristallgitter gebildet, das von einer elastomeren Schalenmatrix umgeben ist, was zu schillernden Reflexionsfarben gemäß dem Braggschen Beugungsgesetz führt. Die Bakterien werden in das Weichschalenmaterial eingebracht und entweder vor der Verarbeitung, während der milden Mikroextrusion, während der Filmbildung oder in einem Nachbearbeitungsschritt hinzugefügt, wodurch ein auf Bakterien reagierender, freistehender Opalfilm entsteht. Die Bakterien oder SporoBeads werden aufgrund ihrer Fähigkeit ausgewählt, den pH-Wert oder Redox-Potentiale (H2O2-Produktion, Glukose-Oxidase) in ihrer lokalen Umgebung zu verändern, um eine direkte Kommunikation mit der Opalstruktur zu ermöglichen, was unmittelbar zu einer Veränderung der optischen Eigenschaften führt.
12;SCHN 945/6-1;Schneider, Marc;;Saarbrücken;;
13;GE 1133/35-1;Gelinsky, Michael;SporoPrinting – 3D-Matrizen zur Immobilisierung und Steuerung funktionalisierter SporoBeads von B. subtilis als strukturierte Protein-präsentierende ELM-Plattform mit adaptiven Funktionen;Dresden;Lode, Anja (Dresden TU, Dresden);"Genetisch programmierbare Engineered Living Materials/ELM haben mit dem Aufkommen der Ära der Synthetischen Biologie an Dynamik gewonnen. Endosporen von Bacillus subtilis bergen großes Potenzial für ELM, da sie eine zweite Schicht zur Implementierung von Funktionalitäten darstellen, die genetisch programmiert werden können. Unter Nährstoffmangel bildet B. subtilis hochresistente Sporen, die die DNA durch den Zellwandkortex und drei Proteinschichten schützen. Durch die translationale Fusion eines Gens von Interesse mit einem Gen, das ein geeignetes Ankerprotein kodiert, können die Zielproteine immobilisiert werden. Die resultierenden SporoBeads bleiben lange Zeit stabil, können aber nach der Induktion innerhalb von Stunden keimen.
Im Rahmen dieses SPP werden wir das SporoBead-Konzept mit dem Bioprinting kombinieren, um funktionalisierte Endosporen in Materalien zu integrieren, die induzierende Faktoren für adaptive Funktionen enthalten. Wir werden Protokolle sowie Polymer- und Kompositmaterialien entwickeln, die eine Kontrolle sowohl der Sporenbildung als auch der Keimung ermöglichen. Anschließend kombinieren wir die auf der Sporenoberfläche präsentierte Aktivität mit einer zweiten, die nach der Keimung exprimiert wird, und erzeugen so zwei Funktionen, die geschaltet werden können. Verschiedene Bioprinting-Technologien (Extrusion, Kern-Mantel und Drop-on-Demand) werden es uns ermöglichen, diese Sporen in mehreren Anordnungen zu positionieren.
Beide Partner werden ihre Technologien weiterentwickeln, um eine vielseitige SporoPrinting-Plattform sowie drei verschiedene Demonstratoren zu etablieren: (i) Als Machbarkeitsstudie soll ein ELM dienen, das die Fluoreszenz von Grün auf Rot umschaltet. Es basiert auf einem doppelt fluoreszierend markierten Stamm, der einen Fluorophor auf der Sporenoberfläche trägt und einen zweiten in vegetativen Zellen produziert. Dadurch wird die optische Beobachtung des Übergangs von der Spore zur vegetativen Zelle ermöglicht. Es werden Bioinks geeigneter Zusammensetzung sowie verschiedene Bioprinting-Strategien basierend auf Materialdesign und -morphologie erforscht, um den Übergang zwischen den verschiedenen Entwicklungsstadien zu steuern. Als nächstes werden wir (ii) die SporoPrinting-Plattform durch die Einführung der Streptomyceten erweitern, um Protokolle zu entwickeln, die die Kultivierung zweier verschiedener Gruppen von Organismen in einer genau definierten räumlich-zeitlichen Anordnung ermöglichen. Wir werden einen auf Antibiotika reagierenden Biosensoraufbau entwickeln, der es ermöglicht, potenzielle Streptomycetenproduzenten auf bestimmte Arten von Antibiotika zu untersuchen, basierend auf der spezifischen Induktion von B. subtilis-Biosensoren. Abschließend entwickeln wir (iii) ein ELM mit einem programmierbaren Dunkel-Hell-Muster, das auf einer auf SporoBeads-präsentierten Melanin-produzierenden in Kombination mit einer -entfärbenden Aktivität basiert, die von vegetativen Zellen exprimiert und abgesondert wird."
13;MA 2837/11-1;Mascher, Thorsten;;Dresden;;
17;HE 2861/3-1;Heine, Elisabeth;ProbioGel als adaptives lebendes Haut- und Wundtherapeutikum;Aachen;Lütticken, Rudolf (DWI Leibniz-I f Interaktive Materialien, Aachen);Ziel von ProbioGel ist, durch synergetische Kombination modifizierter Mikrogele und probiotischer Bakterien (PB) „Engineered Living Materials“ als antibiotikafreie Hauttherapeutika zu entwickeln. Wir erarbeiten grundlegende Designkonzepte und Regeln für die Herstellung eines “lebenden Gel-Hautpflaster-ELMs”, das Bacteriocin-produzierende, Hautpathogene-hemmende PB und funktionale Mikrogel-basierte, makroporöse 3D Scaffolds (MAPs) enthält, die sich wechselseitig beeinflussen. In diesem Projekt werden wir den Vliesstoff, der im etablierten ProbioPad zwischen zwei Membranen eingeschlossen wird, durch ein MAP ersetzen. Dadurch werden die Zell-Zell-Interaktion und die Verfügbarkeit von Nährstoffen durch Diffusion erhöht und somit die Proliferation der PB besser reguliert. Die nicht-lebenden MAP werden mit Haftstellen für die PB modifiziert und können so durch die lebenden PB vernetzt und gestaltet werden. Die MAP werden so modifiziert, dass sie die antimikrobielle Wirksamkeit der PB steuern können, z.B. durch Steigerung der Bacteriocin-Produktion über kontrollierte Freisetzung induktiver Moleküle. Design-Parameter für die mittels In-Mold-Polymerisation oder Mikrofluidik hergestellten stäbchenförmigen Mikrogele, wie Größe, Seitenverhältnis, Steifigkeit, Reaktivität, Biomodifizierung und Reaktionsfähigkeit gegenüber externen Signalen werden systematisch variiert. Untersucht wird, wie diese Parameter die dynamische Struktur der Mikrogele, Bakterienwachstum, Produktion, Diffusion und Freisetzung von Bacteriocinen, antimikrobielle Wirkung und das Upscaling des ProbioGel-ELM beeinflussen. Zusätzlich wird eine Strategie zur biologischen Sicherheit entwickelt, die das Überleben der PB auf die MAPs begrenzt. Zunächst werden die interaktiv und reaktionsfähig designten Mikrogele und die PB wie beim ProbioPad in ein Membran-Encasing zur Ausbildung des MAP-Scaffolds injiziert. Dies gewährleistet die antimikrobielle Wirksamkeit und intrinsische Sicherheit und ermöglicht die klinische Umsetzung. Danach wird die feste Membran durch einen weicheren, mechanisch flexiblen Hydrogelfilm ersetzt, dessen Zusammensetzung und Maschenweite das Entweichen der PB einschränkt. Die antimikrobielle Wirksamkeit des ProbioGels mit den darin enthaltenen Mikrogelen und PB wird mittels Antagonismus-Tests auf Agarplatten gegen definierte pathogene Mikroorganismen und schließlich mit einem ex vivo Hautinfektionsmodell bestimmt. Entscheidend ist die Booster-Freisetzung von therapeutischen Molekülen nach Hautkontakt und Hydratisierung der MAP über das Erkennen eines Signalmoleküls, das von stark infizierten Wunden stammt. Dies führt zu einer kaskadenartigen Anpassung der lebenden PB im nicht-lebenden MAP und zu einer schaltbaren, erhöhten Freisetzung der therapeutischen Moleküle aus dem ProbioGel_ELM. Die Mikrogele - funktionalisiert und für den 3D-Druck – können anderen Forschern im SPP zur Verfügung gestellt werden. Auch adaptive Linker und Biocontainment Strategien können geteilt werden.
17;LA 3606/5-1;Laporte, Laura;;Aachen;;
19;IO 114/2-1;Iorio, Daniele;Adaptive Biotechnologisch-modifizierte Bakterielle Koazervate;Münster;;"Das Hauptziel dieses Vorschlags ist die Entwicklung biotechnologisch-modifizierte bakterieller Koazervate (EBCs) als neuartiges Hybridmaterial mit adaptiven Eigenschaften. In dieser Arbeit schlagen wir die Etablierung von EBCs als innovative Plattformen für die mikrobielle Biotechnologie vor, bei denen die Funktionalität von Bakterien durch ihre Interaktion mit Koazervaten verbessert wird. Einerseits fungieren die Koazervate als membranlose Käfige für die Lokalisierung von Bakterien in einem begrenzten Raum und ermöglichen eine kontrollierte Aufnahme und Freisetzung von Metaboliten. Andererseits werden die eingekapselten lebenden Bakterien den Protozellen einzigartige Eigenschaften verleihen, die sich durch gentechnische Eingriffe fein abstimmen lassen. Um dieses Ziel zu erreichen, ist der Forschungsvorschlag in drei Hauptziele unterteilt. 
Zunächst wollen wir eine Toolbox von EBCs mit verschiedenen Bakterien aufbauen. Insbesondere werden wir die Verkapselung biotechnologisch relevanter Bakterien in Koazervaten, die Lebensfähigkeit und die Stoffwechselaktivität der eingebetteten Bakterien sowie die Stabilisierung und Resistenz von EBCs über die Zeit und unter verschiedenen Bedingungen untersuchen. Zweitens wollen wir die Interaktion von EBCs mit ihrer Umgebung und ihr adaptives Verhalten untersuchen. Genauer gesagt werden metabolisch aktive EBCs auf die spezifische Induktion ausgewählter bakterieller Aktivitäten innerhalb der Koazervate getestet, was zu einer Manipulation der EBC-Funktionalität durch externe Stimuli führt. Außerdem soll die Interaktion zwischen verschiedenen stoffwechselaktiven EBCs untersucht werden. In diesem Zusammenhang werden wir untersuchen, ob Bakterien in einzelnen Koazervaten Metaboliten oder Signalmoleküle mit Bakterien in anderen Koazervaten austauschen können. Schließlich wollen wir die gegenseitige Interaktion von Bakterien und Koazervaten innerhalb der EBCs untersuchen. Insbesondere werden wir untersuchen, ob die künstliche Ansammlung von Bakterien in einem definierten Raum die gleichen Schutzeigenschaften gegen widrige Bedingungen bietet, wie es die Bildung eines Biofilms tun würde. Gleichzeitig werden wir die Rolle der Biofilmbildung in den Koazervaten und die Auswirkungen auf die Stabilität der Koazervate untersuchen. 
Insgesamt werden wir ein adaptives und selbstregulierendes Verhalten von EBCs erreichen, bei dem Koazervate und Bakterien ihre Eigenschaften auf der Grundlage externer Stimuli gegenseitig beeinflussen können. Wir wollen die Anwendbarkeit von EBCs in verschiedenen Prozessen wie der Fermentation oder der Behandlung von toxischen Abwässern testen."
19;PH 71/7-1;Philipp, Bodo;;Münster;;
20;IO 68/28-1;Ionov, Leonid;Konstruktion lebender Aktoren aus fädigen Cyanobakterien;Bayreuth;;"In diesem Projekt schlagen wir eine experimentelle und theoretische Zusammenarbeit vor, um lebende Aktuatoren aus gleitenden, fädigen Cyanobakterien zu entwickeln. Diese phototrophen Organismen spielen sowohl aktuell als auch historisch eine wichtige Rolle im Kohlenstoffkreislauf der Erde, da sie beispielsweise den atmosphärischen Sauerstoff und große Teile unserer fossilen Brennstoffe erzeugten. Filamente bestehen aus vielen linear verketteten Zellen. Sie haben einen Durchmesser von nur wenigen Mikrometern, können aber bis zu einigen Millimetern lang werden. In Kontakt mit festen Oberflächen oder anderen Fäden gleiten sie entlang ihrer Kontur und reagieren auf Lichtgradienten durch Richtungsumkehr. Die zu Grunde liegenden Mechanismen sind noch nicht vollständig geklärt. In natürlichen Lebensräumen führt diese Bewegung zur Aggregation in dichte Kolonien, die sich je nach Umgebungsbedingungen zusammenziehen oder wieder zerstreuen können, was eine kollektive Akklimatisierung ermöglicht.
Wir werden diese Eigenschaften nutzen, um anpassungsfähige lebende Aktuatoren zu entwickeln, d. h. ein Material, das durch Stimulation mit Licht seine Form verändern kann. Die Bakterien werden in eine Matrix eingebettet, typischerweise ein gel- oder faserbasiertes Material mit maßgeschneiderten Eigenschaften und Strukturen, die im Projekt entwickelt werden. Indem wir die Bakterien mit Hilfe von Lichtmustern steuern und ausrichten, wollen wir ein aktives Netzwerk im Gerüst aufbauen, das sich bei Stimulation zusammenziehen kann. Die Kräfte aus dem aktiven Netzwerk werden entweder durch Adhäsion oder mechanische Verzahnung zwischen aktiven und passiven Komponenten übertragen. Durch die Abstimmung der gegenseitigen Ausrichtung von aktiven und passiven Netzen und ihrer Anisotropie wollen wir eine Kontrolle der Deformation erreichen. Auf langen Zeitskalen wird das Material adaptiv sein, da langfristige einwirkende Lichtmuster eine topologische Neuordnung des aktiven Netzes bewirken, so dass zwischen verschiedenen Aktuationsmodi gewechselt werden kann. Die Entwicklung von Manipulationsstrategien, die in der Lage sind, mechanische Arbeit zu extrahieren, erfordert Kenntniss der raum-zeitlichen Organisation der Krafterzeugung einzelner Filamente und ihrer Ensembles, welche bisher nicht verfügbar ist und in diesem Projekt gewonnen werden soll.

Im Gegensatz zu den meisten bisher untersuchten lebenden Aktuatoren basiert unser System auf langen, flexiblen und beweglichen polymeren Bestandteilen, die äußerst robust und von Natur aus durch Licht stimulierbar sind: Die Fasernatur der lebenden Bestandteile ermöglicht es, stark verflochtene Netzwerke zu schaffen, die in einem breiten Spektrum von Umgebungsbedingungen bestehen können. Ihre Beweglichkeit und Reaktionsfähigkeit ermöglicht es, das Netzwerk selbst zu aktivieren, ohne dass die lebenden Bestandteile aufwendig modifiziert werden müssen."
20;KA 4747/4-1;Karpitschka, Stefan;;Konstanz;;
20;STA 352/21-1;Stark, Holger;;Berlin;;
21;KA 5432/3-1;Karande, Rohan;Kombination stimuli-responsiver Hydrogele und Scaffold-unterstützter mikrobieller Biofilme für die selbstkontrollierte katalytische Aktivität eines mikrobiellen Blatts;Leipzig;;"Die pflanzliche Photosynthese ist der zentrale Mechanismus in der Natur, Sonnenenergie in chemische Energie umzuwandeln. Darum wird die mikrobielle Photokatalyse als effiziente und nachhaltige Alternative für derzeitige chemische Prozesse angesehen. Während herkömmliche Photobioreaktoren mit Suspensionkulturen durch geringe Zelldichten begrenzt sind, könnten Biofilme als selbstimmobilisierte Mikroben mit hohe Zelldichte dieses Problem überwinden. Jedoch stellen hohe Zelldichte und Stabilität gegenüber variierenden Umweltbedingungen, wie Strahlung und Temperatur, eine Herausforderung für stabile katalytische Produktionsprozesse dar.
Das Projekt zielt darauf, das Prinzip von Pflanzenblättern mit Selbstregulation und stabiler Unterhaltung der Photosynthesemaschinerie zu adaptieren. Mit Hilfe gentechnisch modifizierter phototropher Biofilme, die in einem porösen Zellkulturträger mit hoher Zelldichte wachsen, wobei dieses Material mit einer responsiven Hydrogelschicht an der Gas-Flüssig-Grenzfläche ausgestattet ist, soll eine stabile biokatalytische Aktivität für die chemische Produktion realisiert werden. Die pH- oder Temperatur (T)-responsiven Hydrogelschichten werden auf den Aktivitätszustand der mikrobiellen Konsortien innerhalb des porösen Materials reagieren und so eine Selbstkontrolle der katalytischen Aktivität durch Steuerung der Gaspermeation ermöglichen, ähnlich wie Pflanzenblattoberflächen. Das Konzept eines ""mikrobiellen Blatts"" wird umgesetzt auf Basis unserer Expertise zu mikrobiellen Konsortien für die chemische Produktion (z.B. Synechocystis, Pseudomonas) und der Entwicklung von Zellkulturträgern, einschließlich der Synthese von pH- und T-responsiven Hydrogelen, um eine selbstkontrollierte Aktivität eines lebenden katalytischen Materials (LCM) zu zeigen.
In unserer Fallstudie werden wir die Leistungsfähigkeit von mikrobiellen Biofilmen in porösen Polymermaterialien für die katalytische Umwandlung von Cyclohexan in ɛ-Caprolacton oder Adipinsäure als Vorstufen der industriellen Polymersynthese untersuchen. Es soll gezeigt werden, dass Schwach- und Starklichtzustände, ähnlich dem Tag-Nacht-Zyklus, die  Mikroumgebung der LCM so beeinflussen, dass dies zu gequollenen und kollabierten Zuständen der pH-responsiven Hydrogelschicht führt. Diese responsive Hydrogelschicht wird durch elektronenstrahlinitiierte Polymerisation von N-Isopropylamid- und Acrylsäuremonomeren mit einer Anpassung der Phasenübergangsbereichen synthetisiert. Die unterschiedlichen Quellungszustände und physikochemischen Eigenschaften der Hydrogelschicht, die durch die Aktivität der Biofilme ausgelöst werden, steuern den Zufluss von Cyclohexan für die katalytische Reaktion der adaptiven LCM, wodurch eine optimale Leistungsfähigkeit bei variierenden Lichtverhältnissen ermöglicht wird.
In Zukunft werden unsere Erkenntnisse das Potential des Mikrobiellen-Blatt-Konzepts ausschöpfen lassen und selbststabilisierte biotechnologische Prozesse mit breiter Anwendbarkeit ermöglichen."
21;PO 713/15-1;Pompe, Tilo;;Leipzig;;
21;SCHU 2612/10-1;Schulze, Agnes;;Leipzig;;
22;KO 7149/1-1;König, Meike;ContainELMs – Materialzentrierte, genetisch programmierte Eindämmung in Engineered Living Materials;Karlsruhe;Lahann, Joerg (Karlsruhe KIT, Eggenstein-Leopoldshafen);Engineered Living Materials (ELMs) werden zunehmend als die am vielversprechendste Lösung für die praktische Anwendbarkeit der synthetischen Biologie angesehen und rücken damit verstärkt in den Fokus der Forschung. Bei diesen Materialsystemen ermöglicht die Verkapselung gentechnisch veränderter Organismen die Herstellung in anwendungsgerechten Formaten, eine einfache Handhabung, die stabile Lagerung sowie den Einsatz in großem Maßstab. Von besonderer Bedeutung ist die sichere Verkapselung beim Einsatz von Bakterien als lebende Komponente, da sich diese Organismen durch hohe Wachstumsraten, geringe Größe und beispiellose Anpassungsfähigkeit auszeichnen. Bisher gibt es nur wenige Studien, die sich konkret mit der Eindämmungsfähigkeit von ELMs befassen. Bei diesen kamen mehrschichtige Materialsysteme zum Einsatz, bei denen das Wachstum der Bakterien durch eine stabile Barrierehülle physikalisch auf das Materialinnere begrenzt wurde. Dieses Konzept ist jedoch äußerst anfällig für Versagen durch Beschädigung der Hülle oder durch Herstellungsfehler, die zur Freisetzung der Bakterien führen. Eine andere Eindämmungsmöglichkeit bieten genetische Methoden, wie Auxotrophie oder Tot-Schalter. Diese Strategie wiederum ist anfällig für Versagen durch Mutationsflucht. Da die jeweiligen Nachteile der beiden Strategien voneinander unabhängig sind, besteht die Erwartung, dass sich durch Kombination die jeweiligen Probleme überwinden lassen. ContainELMs wird diese Möglichkeit systematisch auf synergistische Weise untersuchen. Dabei werden die Bakterien genau an die spezielle Mikroumgebung angepasst, die das Materialinnere bietet. Dies wird durch die Entwicklung von Überlebens-Schaltern erreicht, die das Überleben der Bakterien nur unter bestimmten, von der Umgebung verschiedenen Bedingungen ermöglicht, wie Anwesenheit eines speziellen Reagenzes, Peptids oder bei einem bestimmten pH-Wert. Auf diese Weise ist das Überleben der Bakterien innerhalb des Materials begünstigt, wodurch kein Mutationsdruck aufgebaut wird. Gleichzeitig ist die Abhängigkeit von einer unbeschädigten, physischen Barriere verringert. ContainELMs wird unter Verwendung eines Modellbakteriums, E. coli, sowie eines nicht-modellhaften Lactobacillus-Stamms entwickelt, die jeweils von Interesse für Gesundheits- und Umweltanwendungen sind. Dabei wird das ELM aus Fasern gebildet, die durch Kombination von elektrohydrodynamischem Jetting, zur Herstellung eines für die Bakterien maßgeschneiderten Innenteils, mit chemischer Gasphasenabscheidung, zur Aufbringung einer Barriereschicht, geschaffen werden. Die Leistungsfähigkeit von ContainELMs wird für die Dauer von mindestens einem Monat überprüft werden, während des simulierten Einsatzes zur biologischen Sanierung von Flusswasser. Die durch ContainELMs entwickelten Methoden und Kenntnisse sollen eine breite Verwendung dieser materialzentrierten, aktiven Eindämmungsstrategie in allen Arten von Hybrid-ELMs ermöglichen.
22;SA 3985/4-1;Sankaran, Shrikrishnan;;Saarbrücken;;
23;KR 3729/25-1;Kraus, Tobias;Living Plasmonics: Verteilte Umweltsensorik mit photolumineszenten Sensor-ELM durch enzymatische Kopplung bakterieller Sensorik mit Nanoplasmonik;Saarbrücken;;"Bakterielle Sensoren mit genetisch programmierten Schaltkreisen erkennen Umweltschadstoffe wie Antibiotika mit hoher Selektivität und Sensitivität. Sie eignen sich für die effiziente Überwachung großer Flächen oder abgeschiedener Gebiete, weil die Bakterien keine elektrischen Energiequellen oder Wartung benötigen und ein einfacher Biofilm alle Elemente zur Detektion enthält. Diese hochattraktiven, nachwachsenden Sensoren werden heute oft deshalb nicht genutzt, weil die Auswertung bakterieller Sensor-Antworten aufwändige Infrastruktur erfordert, die im Feld nicht verfügbar ist. 
Andererseits wurden in den letzten Jahren hybride Sensor-Materialien für die Umweltanalytik auf Basis von Nanoplasmonik und Photolumineszenz (PL) entwickelt. Ihre optischen Eigenschaften hängen von der Konzentration bestimmter Analyten ab. Sie lassen sich effizient mit Laserdioden anregen und mit einfachen CCD-Kameras auswerten. Sensor-Materialien auf Basis anorganischer Materialien und Polymere sind robust und können z.B. von Drohnen ausgelesen werden. Sie reagieren aber weniger spezifisch und empfindlich als etablierte elektrochemische oder chromatographische Verfahren, was ihre Einsatzbereiche beschränkt.
In diesem Projekt verbinden wir bakterielle Sensorik mit Plasmonenresonanz und Photonen-Hochkonversion in lebendigen Sensor-Materialien (ELM). Wir koppeln die Empfindlichkeit und Spezifizität der Bakterien mit der Robustheit und Intensität optisch aktiver Partikel. Zentrales Bindeglied ist das Enzym Goldreduktase GoIR, das vor kurzen erstmals in Bakterien beschrieben wurde. In dem Projekt stellen wir E. coli-Zellen her, die nur dann GoIR bilden, wenn die Bakterien Schadstoffe wie Tetrazykline oder Arsen detektieren. Ein Biofilm dieser Bakterien wird dann in einem Mehrschicht-ELM integriert. 
Wenn der Analyt den Biofilm erreicht, reduziert GoIR einen Gold-Komplex und bildet Nanopartikel mit starker Oberflächenplasmonenresonanz im Bakterium. Durch gezielt eingestellte Entmischung und Agglomeration der Partikel erreichen wir die Bildung resonanter plasmonischer Überstrukturen, welche die optische Dichte des bakteriellen Mikrofilms drastisch erhöhen. Damit wird die Emission eines photolumineszenten Films beim Auslesen moduliert und ein starkes PL-Signal erzeugt, das von der Konzentration des detektierten Analyten abhängt. Durch ratiometrische Auswertung der Emission bei zwei Wellenlängen können wir so die Gegenwart des Analyten schnell und aus Entfernung ermitteln.
Der im Projekt verfolgte Ansatz ist modular, weil die für die Detektion verantwortlichen genetischen Schaltkreise unabhängig vom optischen System ausgetauscht werden können. Die Ergebnisse schaffen nicht nur einen Hybrid aus Bio- und plasmonischem Sensor. Sie lassen sich in anderen Projekten des SPP einsetzen, um den Zustand anderer ELM anzuzeigen."
23;WE 4733/9-1;Weber, Wilfried;;Saarbrücken;;
27;PI 614/31-1;Pich, Andrij;Adaptive Lebende Samenbeschichtungen;Aachen;;"Die Saatgutbeschichtung ist ein Verfahren, welches in der Landwirtschaft bei über 50 Pflanzenarten angewandt wird und zur Verbesserung der Lagerung, Lebensfähigkeit und Keimung von Saatgut dient, was zu einem beschleunigten Pflanzenwachstum und höheren Erträgen führt. Bei herkömmlichen Saatgutbeschichtungen werden nicht abbaubare synthetische Polymere wie Polyether oder Polyurethane verwendet. Diese bieten nicht nur ein schlechtes Verhältnis zwischen Wirkstoff und Polymer, sondern tragen auch zur Verschmutzung durch Mikroplastik bei. Zukünftige EU-Verordnungen werden solche Materialien verbieten.
Um diese Einschränkungen zu überwinden, schlagen wir die Entwicklung einer neuen Technologie vor, welche für die langfristige Konservierung und verbesserte Keimung von Saatgut in verschiedenen Klimazonen erforderlich ist. Wir schlagen eine adaptive Technologie zur Beschichtung von lebendem Saatgut vor, bei der ein Zusammenspiel zwischen biobasierten Hydrogelen und Nutzbakterien genutzt wird.
Polysaccharide wie Dextran und Pektin, werden chemisch modifiziert, um funktionelle Gruppen zu integrieren, die für die Bildung kovalenter Vernetzungen in Hydrogelen verwendet werden können. Bifunktionelle Adhäsionspeptide werden zur Dekoration der Oberfläche von Bakterien verwendet, um eine nicht-kovalente Bindung der Bakterien an die Polysaccharidketten des Hydrogels zu gewährleisten. Anschließend werden reaktive Polysaccharide, Vernetzer oder Enzyme mit peptiddekorierten Rhizobakterien und Trehalose kombiniert und mit Hilfe einer Trommelbeschichtungstechnik auf verschiedene Samen aufgebracht. Wir werden die Beschichtungen auf molekularer, zellulärer und makroskopischer Ebene untersuchen und dabei die Dynamik der Vernetzungen, die Wechselwirkungen zwischen Peptiden und Bakterien, das Verhalten der Bakterien in den Hydrogelschichten sowie die Keimung der beschichteten Samen untersuchen.
Folgende Ziele sollen erreicht werden: 1) Verbesserung der Trockentoleranz durch die Entwicklung programmierbarer Hydrogele, die nützliche Bakterien, Sporen und Samen als Reaktion auf Umwelteinflüsse rehydrieren. Dadurch wird die Anpassungsfähigkeit verbessert und das Wachstum in verschiedenen Klimazonen gefördert. 2) Entwicklung von Biohydrogel-Vernetzungen für die kontrollierte Keimung von Sporen und Mobilitätserhaltung von Bakterien. 3) Erforschung der Integration verschiedener Bakterienpopulationen für interaktive Kommunikation und langfristige Anpassungsfähigkeit in komplexen Ökosystemen. 4) Entwicklung umweltfreundlicher Saatgutbeschichtungen mit kontrolliertem Abbau, um Mikroplastik zu bekämpfen und so eine nachhaltige Landwirtschaft zu fördern. Dieses Projekt zielt darauf ab, die Biohybridtechnologie durch systematisches Design und Synthese von adaptiven lebenden Materialien voranzutreiben und Anwendungen für die Saatgutbeschichtung zu erforschen. In der zweiten Phase sollen diese Saatgutbeschichtungen in verschiedene Umgebungen untersucht werden."
27;SCHW 790/22-1;Schwaneberg, Ulrich;;Aachen;;
;;;;;;